full_address_processed,latitude,longitude
"Van Hallstraat 1, Amsterdam",52.3807566,4.8715009
"Damstraat 2, Amsterdam",52.3723826,4.8940176
"Nieuwstraat 3, Amsterdam",52.3081928,5.0415796
Rozengracht 247-C Amsterdam,52.3718578,4.8751437
Marco Polostraat 276-2 Amsterdam,52.3724511,4.8550631
Houthavenkade 9 Amsterdam,52.3942995,4.8771998
KNSM-laan 415 Amsterdam,52.3773912,4.941372
Hoogte Kadijk 161-3 Amsterdam,52.3676757,4.9203559
Keizersgracht 26-D Amsterdam,52.3789251,4.8887642
Van Ostadestraat 210-4 Amsterdam,52.3526155,4.8957595
Potgieterstraat 73-4 Amsterdam,52.3688922,4.8713012
Osdorperweg 496 Amsterdam,52.3653696,4.7857749
Hoogte Kadijk 161-2 Amsterdam,52.3676755,4.9203558
Van Linschotenstraat 39 Amsterdam,52.3892555,4.8874729
Eerste Jan van der Heijdenstraat 32-3 Amsterdam,52.3529107,4.8878235
Eerste Jan van der Heijdenstraat 42-4V Amsterdam,52.3529744,4.8882927
Tuinstraat 48-1 Amsterdam,52.3775312,4.8843153
Eerste Jan van der Heijdenstraat 46 H Amsterdam,52.353002,4.8884688
Eerste Jan van der Heijdenstraat 48-4V Amsterdam,52.3530116,4.8885569
Populierenlaan 533 Amsterdam,52.33468,4.9116743
Veerstraat 46-H Amsterdam,52.3515413,4.8540216
van Ostadestraat 144-4B Amsterdam,52.3521587,4.8926879
Eerste Jan van der Heijdenstraat 44-1 Amsterdam,52.3529939,4.8883803
Eerste Jan van der Heijdenstraat 32-H Amsterdam,52.3529094,4.8878245
Brouwersgracht 169-4 Amsterdam,52.3820517,4.8851158
Rooseveltlaan 8-2 Amsterdam,52.3454485,4.9023921
Vespuccistraat 99-1 1056SK Amsterdam,52.3725388,4.8525948
Akerwateringstraat 73 1069GB Amsterdam,52.3546164,4.7850401
Ruiseveenpad 88 1106AN Amsterdam,52.2970856,4.9760556
Schinkelkade 58 H Amsterdam,52.3504201,4.8526417
Vatternkade 51 Amsterdam,52.3496708,4.7810562
Geuzenkade 78 1 Amsterdam,52.3745497,4.8641278
Amsterdam,52.3730796,4.8924534
Hunzestraat 115 2 Amsterdam,52.3413964,4.9049017
Grasweg 249 Amsterdam,52.3884906,4.903783
Nieuwendammerdijk 417 Amsterdam,52.3895434,4.9439968
Geldersekade 37 1 Amsterdam,52.3753595,4.9023588
Singel 463 A Amsterdam,52.3671725,4.8917006
Amstelkade 88 3 Amsterdam,52.3478275,4.8974199
Kinkerstraat 59 1A Amsterdam,52.367244,4.8726418
Blasiusstraat 110 H Amsterdam,52.3572853,4.9122664
Groenlandstraat 18 Amsterdam,52.3470856,4.7923334
G.J. Scheurleerweg 90 Amsterdam,52.4063905,4.9307906
Jan Mankesstraat 16 Amsterdam,52.3647425,4.8379922
Empangeni 27 Amsterdam,52.3237905,4.9639417
Wedderborg 22 Amsterdam,52.3341624,4.8731865
Joris Ivensplein 114 E Amsterdam,52.3583402,4.9913415
Pretoriusstraat 91 1 Amsterdam,52.3543485,4.9208189
Stolwijkstraat 3 HS Amsterdam,52.3505384,4.8484998
Spuistraat 3 F3 Amsterdam,52.377079,4.8944135
Nienke van Hichtumstraat 31 Amsterdam,52.3797012,4.8102839
Entrepotdok 63 B Amsterdam,52.3681268,4.9163133
Brenner 39 Amsterdam,52.3512472,4.7747674
Eerste Looiersdwarsstraat 10 B Amsterdam,52.3689609,4.8809765
Tweede Oosterparkstraat 209 C Amsterdam,52.3585116,4.9216768
Pieter van der Werfstraat 211 Amsterdam,52.3821546,4.8029095
Wittgensteinlaan 253 Amsterdam,52.3544168,4.8363146
Radarweg 324 Amsterdam,52.3867761,4.8350527
Nieuwezijds Voorburgwal 45 Amsterdam,52.3760428,4.8937163
Tweede Van der Helststraat 22 1 Amsterdam,52.3522744,4.8946998
Utrechtsedwarsstraat 160 Amsterdam,52.3619572,4.9019621
Groenmarktkade 1 1 Amsterdam,52.3717033,4.8750276
Tweede Oosterparkstraat 39 C Amsterdam,52.3562573,4.9134397
Albert Cuypstraat 163 3 Amsterdam,52.3557495,4.8938538
Windroosplein 134 Amsterdam,52.3733006,4.9252152
Erich Salomonstraat 154 Amsterdam,52.356906,4.9967127
Olympiaweg 107 1 Amsterdam,52.3463565,4.8603802
"Van Boshuizenstraat 405, 1082 AP Nederland",52.3246844,4.8804833
"Johan van der Keukenstraat 79K, 1087 BC Nederland",52.359722,4.9890203
"Spyridon Louisweg 103, 1034 WR Nederland",52.4017898,4.9196438
"Insulindeweg 7III, 1094 LE Nederland",52.3612553,4.9324988
"Elckerlijcstraat 167, 1055 AK Nederland",52.3775301,4.8473211
"Oudezijds Voorburgwal 160-C, 1012 GH Nederland",52.3731169,4.8968473
"Van Hallstraat 43II, 1051 GX Nederland",52.3834588,4.8703584
"Pieter Jacobszstraat 22, 1012 HL Nederland",52.371705,4.8944841
"Insulindeweg 7III, 1094 NW Nederland",52.3611625,4.9324973
"Zeeburgerkade 130, 1019 HH Nederland",52.369182,4.9405581
"Johan Hofmanstraat 334, 1069 KD Nederland",52.3519841,4.7941905
"Vier Heemskinderenstraat 41HS, 1055 LL Nederland",52.3792331,4.8555125
Johan van der Keukenstraat 75H 1087BC Amsterdam,52.3597464,4.9890729
Westerdok 570 1013BH Amsterdam,52.3852766,4.8923797
Admiraal de Ruijterweg 160-2 1056GW Amsterdam,52.3744723,4.8588423
Madelievenstraat 7D 1015NV Amsterdam,52.3768477,4.8799914
Panamakade 78 1019AX Amsterdam,52.3732103,4.9457312
Boomstraat 53D 1015LB Amsterdam,52.379031,4.8841954
Elandsgracht 61 C Amsterdam,52.3692995,4.8803414
Jozef Israelskade 36 B Amsterdam,52.3485715,4.8904115
Van Spilbergenstraat 62 1 Amsterdam,52.3660747,4.8521589
Govert Flinckstraat 211 3 Amsterdam,52.3557318,4.8960996
Watteaustraat 13 4 Amsterdam,52.3455672,4.8689166
Swammerdamstraat 46 1 Amsterdam,52.3573878,4.9076783
Bolestein 110 Amsterdam,52.3263987,4.859282
Haparandaweg 760 Amsterdam,52.3947715,4.8773341
IJdok 111 Amsterdam,52.3844247,4.8949117
Orteliuskade 70 3 Amsterdam,52.3692953,4.848802
Bartholomeus Diazstraat 3-1 AMSTERDAM,52.3702141,4.8552659
Minahassastraat 14C AMSTERDAM,52.3602144,4.9338957
Jan van Riebeekstraat 5-1 AMSTERDAM,52.3706514,4.8585939
Cas Oorthuyskade 298 AMSTERDAM,52.3608061,4.9911291
Jacob van Lennepkade 390H AMSTERDAM,52.3623522,4.8596909
Derkinderenstraat 69-3 AMSTERDAM,52.3649677,4.8400592
Prinsengracht 843 AMSTERDAM,52.3627247,4.8894265
Jacob van Lennepkade 92B AMSTERDAM,52.3650975,4.8708902
Derde Helmersstraat 78H AMSTERDAM,52.36472,4.8750053
Reinwardtstraat 33A AMSTERDAM,52.3610325,4.9269732
Eerste Helmersstraat 185H AMSTERDAM,52.3616535,4.8685371
Van Ostadestraat 15-2A AMSTERDAM,52.3517241,4.8876752
Van Nijenrodeweg 209 Amsterdam,52.3275802,4.8828857
Baljuwenlaan 26 Amstelveen,52.3214184,4.8609739
Cornelis Trooststraat 39 2 Amsterdam,52.3506299,4.8882747
Slangenburg 78 Amsterdam,52.3298461,4.8734419
Rustenburgerstraat 25 B Amsterdam,52.3537012,4.9051056
Gijsbrecht van IJselsteinstraat 33 Amsterdam,52.3306188,4.8746946
Plantagekade 61 Amsterdam,52.3685812,4.9130635
Singel 286 D Amsterdam,52.3719835,4.888034
Keizersgracht 515 G Amsterdam,52.3651109,4.8887432
Theophile de Bockstraat 45-2 Amsterdam 1058TX,52.354735,4.8488754
Anielewiczsingel 33 Amsterdam 1069NE,52.3532806,4.7769264
Derde Oosterparkstraat 30A Amsterdam 1091JZ,52.3556899,4.914581
Hoofdweg 375-2 Amsterdam 1056CR,52.371759,4.8490945
Beukenplein 12-4 Amsterdam 1091KG,52.3571043,4.9176774
Frans Halsstraat 80A Amsterdam 1072BW,52.3555465,4.8883956
Martin Vlaarkade 45 Amsterdam 1013CS,52.3887426,4.8809711
Blasiusstraat 104B Amsterdam 1091CX,52.3572437,4.9121278
Kanaalstraat 129-4 Amsterdam 1054XD,52.3616039,4.8614035
Nicolaas Beetsstraat 140 H Amsterdam,52.3622608,4.8676195
Van Noordtkade 178 Amsterdam,52.389079,4.8817897
Wijsmullerstraat 51 2 Amsterdam,52.3559177,4.8519733
Floris Versterstraat 10 B Amsterdam,52.3562204,4.851087
W. v.d. Brinkstraat 16 Purmerend,52.5203879,4.9679873
Loosduinenstraat 34 Amsterdam,52.3509454,4.8377961
Wedderborg 125 Amsterdam,52.3333897,4.8732248
Warmondstraat 159 3 Amsterdam,52.3529143,4.849661
Oudezijds Achterburgwal 127 1 Amsterdam,52.3720599,4.8977106
Legmeerstraat 21 H Amsterdam,52.354127,4.8515687
Kinkerstraat 314 3 Amsterdam,52.3650823,4.8632997
Singel 100 A Amsterdam,52.3767516,4.8912705
Potgieterstraat 25 C Amsterdam,52.3695877,4.8742151
Da Costakade 59 H Amsterdam,52.371027,4.8724368
Warmondstraat 109 2 Amsterdam,52.354433,4.8496279
Leimuidenstraat 40 2 Amsterdam,52.3497174,4.8503011
Potgieterstraat 25 B Amsterdam,52.3696056,4.8742002
John Napierstraat 42 Amsterdam,52.3601311,4.9802571
Fokkezeil 123 Amsterdam,52.4108019,4.923561
De Wittenstraat 103 4 Amsterdam,52.3824456,4.8776211
Bennebroekstraat 27 1 Amsterdam,52.3527581,4.8469473
Balistraat 83 F Amsterdam,52.3632576,4.9353185
Binnenkant 26 2 Amsterdam,52.3734729,4.9047292
Vierwindenstraat 209 Amsterdam,52.3875515,4.8862141
Bilderdijkkade 58 C Amsterdam,52.3673264,4.8699439
Maria Austriastraat 154 Amsterdam,52.3565595,4.9951891
Wilhelminastraat 52 3 Amsterdam,52.3621883,4.8653303
Frans van Mierisstraat 54 1 Amsterdam,52.3542276,4.8804841
Theophile de Bockstraat 45 H Amsterdam,52.3547346,4.8488753
Bestevaerstraat 8 2 Amsterdam,52.3726367,4.8603913
Hoofddorpplein 17 2 Amsterdam,52.3508922,4.8497291
Diezestraat 22 H Amsterdam,52.3455302,4.8917364
President Kennedylaan 148 H Amsterdam,52.3406722,4.9058628
Prinseneiland 9 2RA Amsterdam,52.385841,4.8876581
Louis Chrispijnstraat 3 Amsterdam,52.3544787,4.8265379
In de Houtzaagmolen 79 Duivendrecht,52.3338438,4.9448625
Van Oldenbarneveldtstraat 98 1 Amsterdam,52.3738267,4.8734759
Potgieterstraat 19 H Amsterdam,52.3696683,4.8744202
Legmeerstraat 38 1 Amsterdam,52.3536584,4.851237
Nieuwe Leliestraat 8 1 Amsterdam,52.3759826,4.883672
Wagengouw 10 in Broek Waterland,52.4308819,4.9982124
Eerste Jan Steenstraat 68 H Amsterdam,52.3538449,4.8899562
Legmeerstraat 15 1 Amsterdam,52.354298,4.8515522
Amelandstraat 15 Amsterdam,52.3937708,4.9260016
Aalsmeerweg 52 2 Amsterdam,52.3493328,4.8486913
Kinkerstraat 292 C Amsterdam,52.365211,4.8639442
Potgieterstraat 12 H Amsterdam,52.3698205,4.8739623
Haparandaweg 800 Amsterdam,52.3948357,4.877556
Waddenweg 16 Amsterdam,52.3914626,4.9264076
Eerste Jan Steenstraat 75 Amsterdam,52.3540415,4.8895721
Van Spilbergenstraat 39 H Amsterdam,52.3656066,4.8519881
Lumeijstraat 32 2 Amsterdam,52.3732247,4.8612507
Fahrenheitsingel 30 Amsterdam,52.343166,4.9230914
Warmondstraat 163 3 Amsterdam,52.3528063,4.8496623
Admiraal De Ruijterweg 104 3 Amsterdam,52.3725695,4.8594231
Silodam 346 Amsterdam,52.3925319,4.890434
Tweede Schinkelstraat 45 H Amsterdam,52.3530947,4.8539009
Jacob Marisstraat 3 1 Amsterdam,52.3537989,4.8524977
Woestduinstraat 143 2 Amsterdam,52.3500118,4.8478322
Jacob Marisstraat 3 Amsterdam,52.3570535,4.8528221
Woestduinstraat 65 2 Amsterdam,52.3527,4.848005
Cabotstraat 26 H Amsterdam,52.3680704,4.8541608
Warmelo 10 Amsterdam,52.3311957,4.8583946
Abbenesstraat 10 H Amsterdam,52.3482119,4.8471639
Lomanstraat 82 4 Amsterdam,52.3510573,4.8585079
Jacob Marisplein 32 Amsterdam,52.3547678,4.8520897
Da Costakade 89 A2 Amsterdam,52.3698052,4.8725388
Admiraal De Ruijterweg 531 1 Amsterdam,52.3842783,4.8469892
't Hol 10 Amsterdam,52.3747525,4.8924971
Aalsmeerweg 29 2 Amsterdam,52.3500922,4.8496952
Van Tuyll van Serooskerkenweg 68 3 Amsterdam,52.3447086,4.8616031
Galastraat 299 Amsterdam,52.4081324,4.9058876
Alexanderkade 12 4 Amsterdam,52.3637427,4.9211898
Willemsparkweg 187 1 Amsterdam,52.3556922,4.8699867
Nedersticht 70 Amsterdam,52.3309509,4.8858968
Nicolaas Witsenkade 47 D Amsterdam,52.358231,4.8983768
Cliostraat 29 I Amsterdam,52.3474445,4.8753346
Apollolaan 185 H Amsterdam,52.3501954,4.8688326
Galastraat 297 Amsterdam,52.4081537,4.9059718
Schubertstraat 54 Amsterdam,52.3461712,4.8775969
Da Costakade 124 1 Amsterdam,52.3687075,4.8722871
Schouwenselaan 63 Amstelveen,52.3143775,4.8647554
Wilhelminastraat 170 2 Amsterdam,52.3608603,4.8598263
Loosduinenstraat 36 Amsterdam,52.3509364,4.8377962
Van Breestraat 112 2 Amsterdam,52.3560647,4.8729769
Gustav Mahlerlaan 527 D Amsterdam,52.3365105,4.8721876
Westhove 39 Amstelveen,52.2788641,4.8178944
Bos en Lommerweg 31 2 Amsterdam,52.3841762,4.8561561
Galastraat 159 Amsterdam,52.4089693,4.9052808
Saxen-Weimarlaan 12 A H Amsterdam,52.3539427,4.8564585
Overtoom 201 1 Amsterdam,52.3613206,4.8704643
Rubensstraat 8 2 Amsterdam,52.3497656,4.87327
Reyer Anslostraat 14 4 Amsterdam,52.3583395,4.8602237
Sint Willibrordusstraat 48 2 Amsterdam,52.3541973,4.9010487
Valeriusstraat 27 B Amsterdam,52.3550288,4.8724458
Valeriusstraat 20 H Amsterdam,52.3552723,4.8725897
Burgemeester Haspelslaan 350 Amstelveen,52.3094103,4.8680635
Max Havelaarlaan 575 Amstelveen,52.3070318,4.8761933
Gijsbrecht van IJselsteinstraat 177 Amsterdam,52.3306134,4.8713938
Ceintuurbaan 147 3 Amsterdam,52.353295,4.8936462
Gustav Mahlerlaan 319 Amsterdam,52.3364497,4.875468
Van der Boechorststraat 64 Amsterdam,52.3266695,4.8615672
Nassaukade 161 C Amsterdam,52.3710259,4.8740872
Stoombootweg 98 Amsterdam,52.4174051,4.9048827
Bernissestraat 10 A Amsterdam,52.3424032,4.8983898
Schovenstraat 15 Amsterdam,52.3391869,4.9420051
Van Nijenrodeweg 181 Amsterdam,52.3276346,4.8830027
Reyer Anslostraat 11 1 Amsterdam,52.3584541,4.8604127
Maasstraat 101 1 Amsterdam,52.3439604,4.8959429
Kerkstraat 84 A Amsterdam,52.3646432,4.8865315
Evert Cornelisstraat 7 2 Amsterdam,52.3430623,4.8757105
Van Breestraat 118 2 Amsterdam,52.3560098,4.8727427
Tweede Weteringplantsoen 15 Amsterdam,52.3590443,4.8930686
Olympiakade 48 - II Amsterdam,52.3472477,4.8584696
Rentmeesterslaan 78 Amstelveen,52.3203857,4.861753
Bolestein 796 Amsterdam,52.3242687,4.8593073
Bloemgracht 138 2 Amsterdam,52.3744341,4.8788582
Tweede Anjeliersdwarsstraat 10 B Amsterdam,52.3777255,4.8814051
Gustav Mahlerlaan 379 Amsterdam,52.3364809,4.875303
Van Breestraat 144 2 Amsterdam,52.3557087,4.8717186
Wilhelminastraat 156 3 Amsterdam,52.3609794,4.8602946
Saxenburgerdwarsstraat 15 Amsterdam,52.358514,4.8617478
Bolestein 206 Amsterdam,52.3261107,4.8592121
Gustav Mahlerlaan 391 Amsterdam,52.3364808,4.8753481
Kerkstraat 303 M Amsterdam,52.3626297,4.8950108
Rosy Wertheimstraat 93 Amsterdam,52.3360915,4.8764003
Van Hogendorpstraat 124 III Amsterdam,52.3818661,4.8668441
Johannes Verhulststraat 124 H Amsterdam,52.3542488,4.8707667
Cooperatiehof 26 III Amsterdam,52.3505735,4.8995188
Zeelandiahoeve 88 Amstelveen,52.2817436,4.8242858
Selde Rust 2 Amstelveen,52.3127313,4.8683894
Venetiehof 201 Amsterdam,52.3769275,4.9471335
Hertzstraat 29 Amsterdam,52.3480945,4.9423561
IJdoornlaan 1493 G Amsterdam,52.407727,4.9176608
Schoolstraat 24 Amsterdam,52.358559,4.8617618
Molenweg 22 Amstelveen,52.3084448,4.8486682
Bickerswerf 33 Amsterdam,52.3854278,4.8899103
Overtoom 481 3 Amsterdam,52.3582642,4.8581694
Geulstraat 12 1 Amsterdam,52.3449227,4.8926241
Rijnstraat 159 1 Amsterdam,52.3426178,4.9068987
Grevelingenstraat 4 2r Amsterdam,52.3459795,4.8895602
Stolwijkstraat 46 H Amsterdam,52.3501666,4.848271
Gerard Doustraat 182 H Amsterdam,52.3563841,4.8953883
Woestduinstraat 37 3 Amsterdam,52.3536255,4.8480066
Anton Verheijstraat 1 2 Amsterdam,52.3434415,4.8761168
Vechtstraat 183 H Amsterdam,52.3409081,4.908619
Rijnstraat 46 3 Amsterdam,52.3470393,4.9046351
Vrijheidslaan 95 4 Amsterdam,52.3459439,4.9048811
Amsterdam – Sarphatistraat 490 Amsterdam,52.3610179,4.9063758
Welnastraat 487 Amsterdam,52.3387687,4.9206942
Brouwersgracht 115C Amsterdam,52.3809495,4.8871552
Bobeldijk 19 Berkhout,52.6552549,5.0170123
Leeuwendalersweg 15E Amsterdam,52.3793137,4.8463876
Witte de Withstraat 134-3 Amsterdam,52.3699268,4.8593371
Deymanstraat 16-2 Amsterdam,52.3576799,4.908791
Nieuwe Teertuinen 16R Amsterdam,52.3859842,4.8853199
Meervalweg 23 Landsmeer,52.4286644,4.9078954
Rooseveltlaan 26-2 Amsterdam,52.3452756,4.9018801
Daniel Stalpertstraat 15-2 Amsterdam,52.356443,4.8877985
Bolkstraat 2-2 Amsterdam,52.3458737,4.9348789
Blasiusstraat 56-3 Amsterdam,52.3565863,4.9095808
Eerste Ceramstraat 3-2 Amsterdam,52.3633582,4.9404559
Omval 379 Amsterdam,52.3447026,4.9157693
Marcusstraat 86 Amsterdam,52.3517209,4.9132289
Zeeburgerdijk 598 Amsterdam,52.366023,4.9444101
Eerste Oosterparkstraat 39-4 Amsterdam,52.3559541,4.908604
Omval 411 Amsterdam,52.3446576,4.9157404
Zevenblad 72 Uithoorn,52.2477287,4.8175015
Bankastraat 55E Amsterdam,52.3649423,4.9339946
Silodam 142 Amsterdam,52.3908405,4.8911038
Vrolikstraat 349K Amsterdam,52.357016,4.9204091
Het Breed 811 Amsterdam,52.3979157,4.9356995
Jan van Galenstraat 111D Amsterdam,52.3746369,4.8594862
Narva-Eiland 129 Amsterdam,52.3932995,4.8814179
Diezestraat 6-2 Amsterdam,52.3460608,4.891804
Brouwersgracht 633 Amsterdam,52.3826084,4.88414
Amstel 192E Amsterdam,52.3664784,4.8998571
Keizersgracht 351A Amsterdam,52.3690135,4.8849552
Ruysdaelkade 193-4 Amsterdam,52.3518656,4.8869004
Marcantilaan 407 Amsterdam 1051 NL,52.3736207,4.8674722
Gerard Doustraat 83 D Amsterdam 1072 VN,52.3558216,4.8918274
Amsteldijk 54 2 Amsterdam 1074 HX,52.354299,4.906229
Van Beuningenstraat 154 2 Amsterdam 1051 XW,52.3819692,4.8733521
Brouwersgracht 121 1 Amsterdam 1015 GE,52.3811457,4.8867859
Van Hogendorpstraat 141 3 Amsterdam 1051 BM,52.3830133,4.8738395
Eerste Jan van der Heijdenstraat 38 2V Amsterdam 1072 TV,52.3529297,4.8881169
Nassaukade 328 2 Amsterdam 1053 LT,52.3685158,4.8757837
Sluisstraat 28 1 Amsterdam 1075 TG,52.3523798,4.8547018
Leusdenhof 153 Amsterdam 1108 DD,52.3079951,4.9781686
Robert Scottstraat 52 2 Amsterdam 1056 BA,52.3748089,4.8458419
Karel Doormanstraat 114 3 Amsterdam 1055 VG,52.3802235,4.8586704
Millingenhof 204 Amsterdam 1106 KM,52.2961699,4.9686757
Kramatweg 55 B Amsterdam 1095 JW,52.3617323,4.9455371
Kantershof 594 Amsterdam 1104 HG,52.3165933,4.9877835
Esther de Boer-van Rijkstraat 132 2 Amsterdam 1065 GS,52.3530943,4.8264818
Schalkwijkpad 97 Amsterdam 1107 JP,52.2941666,4.9792339
Sleewijkstraat 54 Amsterdam 1107 TW,52.2903418,4.972644
Oude Waal 37 A 3 Amsterdam 1011 CD,52.3722963,4.904947
Liendenhof 166 Amsterdam 1108 HK,52.308238,4.9834744
Eerste Goudsbloemdwarsstraat 14 A 1 Amsterdam 1015 JW,52.3809873,4.8854658
Zeeburgerkade 766 Amsterdam 1019 HT,52.3692433,4.9448016
Potvisstraat 56 Amsterdam 1035 HL,52.4230883,4.8861209
Petrus Blokhof 12 1 Amsterdam 1065 XK,52.3633278,4.8295239
Bloys van Treslongstraat 6 1 Amsterdam 1056 XA,52.3759793,4.8622312
Vianenstraat 113 Amsterdam 1106 DC,52.2987686,4.9845719
Amsterdam – Amstel 192C Amsterdam,52.3467291,4.917139
Johannes Verhulststraat 62-1 Amsterdam,52.355126,4.874118
Gerard Doustraat 90-1 Amsterdam,52.355688,4.8921371
Utrechtsedwarsstraat 17 A Amsterdam,52.3612282,4.8974059
Reigersweide 117 Weesp,52.2989448,5.0462779
Willemsparkweg 102 B Amsterdam,52.3568481,4.8733054
Laurierstraat 20 H Amsterdam,52.3725606,4.8820952
Nieuwevaartweg 61 Amsterdam,52.3677116,4.9537256
Orteliusstraat 352 H Amsterdam,52.3744731,4.8470797
Vossiusstraat 76 Amsterdam,52.3596541,4.8759785
Gutserstraat 59 Amsterdam,52.4070962,4.8939583
Hoofdweg 793 Amsterdam,52.3769135,4.8461391
Willemsparkweg 36 Amsterdam,52.3577065,4.8764516
Keizersgracht 412 C Amsterdam,52.3685872,4.884035
Tweede Oosterparkstraat 221 Amsterdam,52.3587045,4.9223292
Eerste Constantijn Huygensstraat 82-3 Amsterdam,52.3632442,4.8746404
Nassaukade 360 H Amsterdam,52.3661859,4.8773813
Prinsengracht 814 F Amsterdam,52.3620009,4.8995395
Uithoornstraat 11-1 Amsterdam,52.3475635,4.9097364
Nicolaas Witsenkade 48 A Amsterdam,52.358264,4.8984587
Herengracht 331 Amsterdam,52.3696252,4.8871948
Ruysdaelstraat 64 H Amsterdam,52.3539219,4.8824104
Transvaalstraat 31 H Amsterdam,52.3553147,4.9266952
Winterdijkstraat 6-1 Amsterdam,52.3436509,4.9045689
Frederiksplein 32 E Amsterdam,52.3608347,4.8978345
Spaarndammerstraat 123-1 Amsterdam,52.3908424,4.8780972
Amstelveenseweg 214-3 Amsterdam,52.3511912,4.8562567
Cabotstraat 21-3 Amsterdam,52.36813,4.8555993
Churchill-laan 195-2 Amsterdam,52.3469547,4.8885217
Kerkstraat 11 C Amsterdam,52.3661642,4.8844296
Maasstraat 130-2 Amsterdam,52.3434713,4.8958832
Nieuwe Keizersgracht 31 H Amsterdam,52.3656064,4.9063561
Tilanusstraat 73 H Amsterdam,52.3590384,4.913488
Arubastraat 3-2 Amsterdam,52.3600436,4.8540958
Palmgracht 4-1 Amsterdam,52.3823671,4.8844367
Ceintuurbaan 203-3 Amsterdam,52.3552073,4.9019036
Lomanstraat 61 H Amsterdam,52.3510164,4.8593562
Hectorstraat 32-1 Amsterdam,52.3442847,4.8654383
Nieuwevaartweg 47 Amsterdam,52.3677121,4.9538625
Insulindeweg 57 C Amsterdam,52.3614254,4.9356454
Johannes Worpstraat 51-1 Amsterdam,52.3419952,4.8659788
Tweede Hugo de Grootstraat 42-4 Amsterdam,52.3749425,4.8720497
Utrechtsedwarsstraat 126 H Amsterdam,52.3617642,4.900966
Geuzenkade 60-3 Amsterdam,52.3736437,4.8644759
IJdok 103 Amsterdam,52.3844082,4.8949119
Admiraal De Ruijterweg 126 H Amsterdam,52.3732519,4.8592243
Geuzenkade 71-2 Amsterdam,52.3742087,4.8642639
Lindewetering 13 Abcoude,52.2654295,4.968178
Fort Rhijnauwenstraat 70 Weesp,52.3216129,5.038501
Marnixstraat 48 1R Amsterdam,52.3809572,4.8805163
Olympiaweg 87 A Amsterdam,52.3471151,4.861193
Eerste Goudsbloemdwarsstraat 6-1 Amsterdam,52.3811669,4.8854197
Valeriusstraat 179 H Amsterdam,52.3520127,4.861091
Van Breestraat 183 A Amsterdam,52.354852,4.8693783
Gerrit van der Veenstraat 58-2 Amsterdam,52.3490505,4.8783273
Kribbestraat 59-2 Amsterdam,52.3408711,4.9039683
Willemsparkweg 64 H Amsterdam,52.3573506,4.8751491
Geuzenstraat 41 H Amsterdam,52.3718645,4.8645554
Helmholtzstraat 68-1 Amsterdam,52.3491211,4.9403644
Newtonstraat 5-1 Amsterdam,52.3549224,4.9367244
Herengracht 88 A Amsterdam,52.3767615,4.8893466
Hondecoeterstraat 14 A Amsterdam,52.3540011,4.8783933
Linnaeusparkweg 116-1 Amsterdam,52.3527977,4.9357772
Baarsjesweg 144 C Amsterdam,52.3687393,4.8631979
Jacob Obrechtstraat 24-2 Amsterdam,52.3561727,4.8750745
Barentszstraat 232 Amsterdam,52.3888287,4.8864347
Maanzaaderf 24 Diemen,52.3349033,4.9495363
Waverstraat 2-1 Amsterdam,52.3464101,4.9112163
Van Eeghenstraat 18-2 Amsterdam,52.3583083,4.8763566
Jacob Catskade 52-3 Amsterdam,52.3816068,4.8768223
Van Breestraat 73 C Amsterdam,52.3563098,4.8748733
Van Breestraat 73 D Amsterdam,52.3563072,4.8748869
Rooseveltlaan 97-1 Amsterdam,52.3438385,4.8999149
Ruysdaelstraat 49 B 5 Amsterdam,52.3538536,4.8834239
Woestduinstraat 53-1 Amsterdam,52.3531674,4.8479991
Insulindeweg 9 A Amsterdam,52.3614473,4.9327699
Karthuizersstraat 22 Amsterdam,52.3789116,4.881333
Graaf Florisstraat 15-3 Amsterdam,52.3524268,4.9121644
Kinkerstraat 284 H Amsterdam,52.3652747,4.8641487
Duinkersoord 29 A Vlieland,53.3031756,5.0520415
Nieuwe Spiegelstraat 46 H Amsterdam,52.3636068,4.888729
Staalkade 4 A Amsterdam,52.3677641,4.8978021
Staalkade 4 B Amsterdam,52.3677643,4.8978021
Zeeweg 124 Overveen,52.4012714,4.5434507
Pandorinastraat 2 Amsterdam 1035 VR,52.4185949,4.9013271
Ridderspoorweg 70 Amsterdam 1032 LL,52.3964758,4.9043607
Aurikelstraat 7 Amsterdam 1032 AP,52.395695,4.9170636
Gedempte Insteekhaven 21 Amsterdam 1021 PM,52.3835134,4.916238
Wognumerstraat 44 Amsterdam 1023 CK,52.3887036,4.9477657
Van Noordtkade 30 E Amsterdam 1013 BZ,52.3888702,4.883511
Begoniastraat 29 A Amsterdam 1031 GL,52.3877494,4.9100382
Ibrahim Moustafapad 13 Amsterdam 1034 WD,52.4040621,4.9169748
Sneeuwbalstraat 84 Amsterdam 1032 HB,52.3982649,4.9169334
Latherusstraat 98 Amsterdam 1032 EE,52.394978,4.9153081
Nigellestraat 96 Amsterdam 1032 BR,52.3970122,4.9160505
Hoopende Swaen 20 Amsterdam 1035 RT,52.4185756,4.8993051
Nieuwendammerdijk 425 Amsterdam 1023 BM,52.3894095,4.9442332
Poolsterstraat 2 Amsterdam 1033 CE,52.4141485,4.8932184
Sandwijk 55 Amsterdam 1035 LA,52.4206899,4.8950124
Jisperveldstraat 268 Amsterdam 1024 AN,52.3982758,4.9502715
Latherusstraat 134 Amsterdam 1032 EH,52.3959411,4.9156799
Pandorinastraat 8 Amsterdam 1035 VR,52.4188552,4.901236
Hoornsestraat 59 Amsterdam 1023 VZ,52.3936838,4.9408114
Hoopende Swaen 60 Amsterdam 1035 RT,52.4173327,4.8988982
Beloegastraat 22 Amsterdam 1035 JD,52.4219056,4.8869869
Loenermark 578 Amsterdam 1025 TZ,52.3996136,4.9308196
Ranonkelkade 38 Amsterdam 1031 XT,52.3898193,4.9064168
IJburglaan 421 Amsterdam 1086 ZJ,52.362181,4.9830864
Het Breed 709 Amsterdam 1025 JA,52.3978253,4.9355979
Kievitstraat 1 A Amsterdam 1021 VC,52.3862173,4.920425
Koperslagerhof 35 1315 BX Almere,52.3682218,5.2165435
Pieter Van Damstraat 58 1335 PH Almere,52.4066454,5.2931311
Warmondstraat 193-2 1058 KX Amsterdam,52.3519706,4.8496722
Hollywoodlaan 92 1325 HT Almere,52.3694343,5.2311804
Rinus Michelslaan 199 1061 MB Amsterdam,52.3732211,4.8385406
Cieweg 10 1901 GH Castricum,52.5471773,4.666589
Borgerstraat 119 Amsterdam,52.3645122,4.8645398
Dijkmeent 103 Almere,52.3320093,5.2327216
Landstraat 8B Bussum,52.2798694,5.1632656
Dorpsstraat 55 Vecht,52.2092393,5.0241082
Bartholomeus Diazstraat 371 Amsterdam,52.370223,4.854737
Vaartweg 19047 Hilversum,52.2239702,5.1533854
Toutenburgstraat 42 Amsterdam,52.2922962,4.9687415
Veendijk 17A ws03 Loosdrecht,52.2017407,5.0646592
Arent Janszoon Ernststraat 162 Amsterdam,52.332302,4.87736
Quellijnstraat 104-3 Amsterdam,52.3566042,4.8920829
Haarlemmermeerstraat 39 1 Amsterdam,52.3566573,4.8505549
Tweede Hugo de Grootstraat 42-2 Amsterdam,52.3749531,4.8720385
Witte de Withstraat 148 2 Amsterdam,52.3704297,4.8592575
Mary van der Sluisstraat 454 Amsterdam,52.374908,4.9637643
Palmgracht 13 H Amsterdam,52.3820612,4.8845138
Lijnbaansgracht 103-2 Amsterdam,52.3734283,4.876961
Insulindeweg 19A Amsterdam,52.3614844,4.9330291
Nachtwachtlaan 357 Amsterdam,52.3629725,4.8439893
Griend 95 Amsterdam,52.3554837,4.7818668
Wilhelminastraat 127 2 Amsterdam,52.3611753,4.8619808
Wolbrantskerkweg 101 Amsterdam,52.3586764,4.797037
Willem Baerdesenstraat 46 Amsterdam,52.3774655,4.8034111
Philip Vingboonsstraat 19 Amsterdam,52.3831799,4.7958003
Lange Vonder 14 Amsterdam,52.4242664,4.8920323
Grootzeil 135 Amsterdam,52.4091305,4.9213447
Cornelis van Vollenhovenstraat 22 Amsterdam,52.3801273,4.8203389
Burgemeester De Vlugtlaan 219 Amsterdam,52.3817796,4.8181734
Pieter van der Werfstraat 121 Amsterdam,52.3821542,4.8028361
Kraakstraat 107 Zaandam,52.4469134,4.8430771
Kruisherenpad 7 Amsterdam,52.380829,4.802015
Veldzicht 85 Amsterdam,52.3629694,4.7981985
Kervelstraat 80 Krommenie,52.5052537,4.7598068
Cornelis van Rijplantsoen 25 Amsterdam,52.3785151,4.825294
Van Beuningenstraat 144 3 Amsterdam,52.3820783,4.8736443
Swammerdamstraat 66 4 Amsterdam,52.3566438,4.9082289
Lindengracht 168 II Amsterdam,52.3799797,4.8825589
Amsteldijk 13 hs Amsterdam,52.3561552,4.9049443
Bos en Lommerplantsoen 101P Amsterdam,52.3757791,4.8442606
Nicolaas Anslijnstraat 104D Amsterdam,52.3573566,4.8082404
Hildo Kropplein 118 Amsterdam,52.368625,4.9428843
Weesperzijde 45-2 Amsterdam,52.3556885,4.9075207
Ella Fitzgeraldstraat 5 Amsterdam,52.3428035,4.8225745
Valeriusstraat 59-2 Amsterdam,52.3544713,4.8703092
Rijnstraat 4-2 Amsterdam,52.3486638,4.904074
Jennerstraat 23 Amsterdam,52.3474422,4.9384587
Frans Halsstraat 87D Amsterdam,52.3549767,4.8886234
Joan Melchior Kemperstraat 105-1 Amsterdam,52.3846634,4.8708533
Hildo Kropplein 69 Amsterdam,52.3683343,4.9420797
Van Beuningenstraat 184D Amsterdam,52.381866,4.8723987
Bilderdijkkade 64-1 Amsterdam,52.3669997,4.8702073
Jacob van Lennepkade 44-1 Amsterdam,52.3660277,4.874036
Saenredamstraat 17-2 Amsterdam,52.3558857,4.8878046
Kattengat 2B Amsterdam,52.3776877,4.8938007
Spaarndammerstraat 616A Amsterdam,52.3897782,4.8793143
Balthasar Floriszstraat 13-2 Amsterdam,52.3531372,4.8839899
Weesperzijde 44-2 Amsterdam,52.3557339,4.9075079
Antillenstraat 3-1 Amsterdam,52.3593051,4.851756
Admiralengracht 142 H Amsterdam 1057 GG,52.3695501,4.857521
Blasiusstraat 50 2 Amsterdam 1091 CT,52.3565317,4.9093611
Admiralengracht 38 1 Amsterdam 1057 EZ,52.3661923,4.858324
Kromme Leimuidenstraat 14 2 Amsterdam 1059 EN,52.3487014,4.8501813
Rombout Hogerbeetsstraat 18 H Amsterdam 1052 XC,52.3779073,4.8736635
Bilderdijkstraat 177 3V Amsterdam 1053 KR,52.3670009,4.8726161
Sassenheimstraat 57 H Amsterdam 1059 BD,52.3486159,4.8472624
Rutherfordstraat 5 1 Amsterdam 1098 TM,52.3520666,4.9444885
Gibraltarstraat 65 1 Amsterdam 1055 NK,52.3839938,4.8496366
Nieuwe Prinsengracht 106 H Amsterdam 1018 VX,52.3638853,4.9099133
Rosy Wertheimstraat 39 Amsterdam,52.33616,4.8766374
Middenweg 113C 2 Amsterdam,52.3520258,4.9336864
Schubertstraat 74 Amsterdam,52.3455596,4.8775012
Valkenburgerstraat 136E Amsterdam,52.3696414,4.9064429
Plantage Middenlaan 88O Amsterdam,52.3641335,4.917897
Amstelveenseweg 577 Amsterdam,52.3341751,4.8577224
Keizersgracht 129A Amsterdam,52.3761591,4.8871505
Frans van Mierisstraat 121D Amsterdam,52.3535718,4.8785691
Leonard Bernsteinstraat 70A Amsterdam,52.3363754,4.8721835
Gustav Mahlerlaan 537C Amsterdam,52.3364902,4.87192
Lorriestraat 79 Amsterdam,52.3691545,4.9552981
Sprinklerstraat 3 Amsterdam,52.3682285,4.954805
Dijkmeerlaan 317 Amsterdam,52.339166,4.9236804
Gustav Mahlerlaan 533E Amsterdam,52.3364634,4.8720552
Argonautenstraat 49-2 Amsterdam,52.3433425,4.8597117
Westerdok 518 Amsterdam,52.3850321,4.8919419
Herengracht 47-1 Amsterdam,52.3781995,4.8914746
Eliza van Calcarstraat 13 Amsterdam,52.3547559,4.8057349
ms. van Riemsdijkweg 284 Amsterdam,52.4015789,4.8920469
Keizersgracht 131D Amsterdam,52.3760872,4.8871513
Polanenstraat 1G Amsterdam,52.3879781,4.8785654
Stadionweg 310-2 Amsterdam,52.3456358,4.8599776
Van Boetzelaerstraat 36-2 Amsterdam,52.3826539,4.873726
Schubertstraat 26 Amsterdam,52.3475293,4.8778162
Cruquiusweg 104B Amsterdam,52.3678428,4.9528883
Wiborgeiland 162 Amsterdam,52.3945353,4.8791721
Ceramiquelaan 39 Amsterdam,52.3856616,4.9015935
Nieuwevaartweg 33 Amsterdam,52.3678386,4.9537266
Grasweg 416 Amsterdam,52.3945167,4.8980055
Korte Ouderkerkerdijk 1E 3 Amsterdam,52.34119,4.9190782
Plantage Muidergracht 163-3 Amsterdam,52.3641066,4.9178826
Valkenburgerstraat 134F Amsterdam,52.3696093,4.9064113
Westerstraat 180B Amsterdam,52.3782665,4.8818103
Meerluchtlaan 136 Amsterdam,52.3397535,4.9224158
Gustav Mahlerlaan 162 Amsterdam,52.3369131,4.8712032
De Boelelaan 281 Amsterdam,52.3347287,4.8773468
Keizersgracht 255E Amsterdam,52.3716934,4.8853213
Banstraat 27A Amsterdam,52.3538486,4.8750214
Valkenburgerstraat 136F Amsterdam,52.3696202,4.9063969
Gustav Mahlerlaan 72 Amsterdam,52.3369233,4.8714966
Grasweg 460 Amsterdam,52.3944502,4.8979866
Grasweg 390 Amsterdam,52.3944652,4.8978757
Cannenburg 64 Amsterdam,52.3309015,4.8653461
Haparandadam 2A 4 Amsterdam,52.395584,4.8788356
Claude Debussylaan 227 Amsterdam,52.3372624,4.8710087
Oldambtstraat 22 Amsterdam,52.3388994,4.8944079
Valkenburgerstraat 136D Amsterdam,52.3695923,4.9063155
Zaanstraat 457 Amsterdam,52.3874904,4.8793881
Claude Debussylaan 199 Amsterdam,52.3372715,4.871038
Willem de Zwijgerlaan 58 3 Amsterdam,52.3719962,4.863938
Benedenlangs 33 AMSTERDAM,52.3960854,4.9318691
Jasmijnstraat 40B AMSTERDAM,52.3878524,4.9095277
Kazernestraat 22-2 AMSTERDAM,52.3639789,4.9217667
Wijnkersstraat 20 AMSTERDAM,52.4069277,4.9010478
Marskramerstraat 126 AMSTERDAM,52.4198329,4.881439
Rustenburgerstraat 406H AMSTERDAM,52.351412,4.8904088
Zuid-Bevelandstraat 10 AMSTERDAM,52.3924445,4.9293062
Jonathanhof 12 AMSTERDAM,52.4071814,4.9048939
Vogelkade 25 AMSTERDAM,52.3865972,4.9279271
Schepenlaan 31 AMSTERDAM,52.4037669,4.9157429
Prinsengracht 151D AMSTERDAM,52.3783602,4.8869348
Scheepsbouwersweg 13 LANDSMEER,52.4224735,4.9078779
Van Hanxleden Houwertstraat 39-1 AMSTERDAM,52.3816417,4.8231689
Amstel 232B AMSTERDAM,52.3646246,4.9013217
Jacob van Lennepkade 606 AMSTERDAM,52.3619707,4.8588802
IJsselmeerstraat 52 AMSTERDAM,52.3890871,4.9613809
Johan Jongkindstraat 238 AMSTERDAM,52.3598116,4.834853
Jupiterstraat 10 AMSTERDAM,52.4150045,4.8830669
Narwalstraat 5 AMSTERDAM,52.4225689,4.8886848
Bosrankstraat 23 AMSTERDAM,52.3972423,4.907727
Duinluststraat 71 AMSTERDAM,52.3955758,4.9542359
Hoekschewaardweg 84 AMSTERDAM,52.3918615,4.9296352
Meteorenweg 205 AMSTERDAM,52.413506,4.8836572
Singel 54G AMSTERDAM,52.3777971,4.8927539
Beemsterstraat 406 AMSTERDAM,52.3938992,4.9503881
Overhoeksparklaan 110 AMSTERDAM,52.3859151,4.9007087
Nova Zemblastraat 8A AMSTERDAM,52.390284,4.8841413
Midscheeps 15 AMSTERDAM,52.4119287,4.9175821
Ceramiquelaan 333 AMSTERDAM,52.3861883,4.9040159
Meidoornplein 9B AMSTERDAM,52.3874939,4.91058
Westerdok 688 AMSTERDAM,52.3856093,4.89242
Da Costakade 317 AMSTERDAM,52.3721869,4.8728472
Jisperveldstraat 319 AMSTERDAM,52.3989782,4.9506466
Keizersgracht 99F AMSTERDAM,52.377263,4.8878603
Baetostraat 20 H Amsterdam 1055 ES,52.3796638,4.8480888
Hemsterhuisstraat 76 Amsterdam 1065 KC,52.360108,4.8214902
Baarsjesweg 133 C Amsterdam 1057 HL,52.3693714,4.8638218
Kinkerstraat 358 4 Amsterdam 1053 GG,52.3646978,4.8616743
Van Spilbergenstraat 27 2 Amsterdam 1057 PW,52.3652831,4.8520069
Haarlemmerweg 185 1 Amsterdam 1051 LB,52.3852935,4.8710663
Lien Gisolfpad 8 Amsterdam 1095 MT,52.374952,4.9645248
Ortler 99 Amsterdam 1060 NL,52.3523418,4.7743853
Van Spilbergenstraat 27 1 Amsterdam 1057 PW,52.3652662,4.8520109
Kazernestraat 24 2 Amsterdam 1018 CD,52.3639422,4.921819
Kinkerstraat 332 1 Amsterdam 1053 GD,52.3649539,4.8628021
Marco Polostraat 106 2 Amsterdam 1057 WV,52.3679994,4.8564377
Albert Cuypstraat 99 2 Amsterdam 1072 CR,52.3553078,4.8914367
Admiraal De Ruijterweg 241 2 Amsterdam 1055 LS,52.3780063,4.8572724
Marnixstraat 60 HL Amsterdam 1015 VV,52.3803444,4.8800984
Pieter Calandlaan 1121 Amsterdam 1069 SE,52.351024,4.7962728
Nachtwachtlaan 437 Amsterdam 1058 ER,52.3636085,4.8434972
Joan Melchior Kemperstraat 69 H Amsterdam 1051 TK,52.3848138,4.8725115
Nachtwachtlaan 310 Amsterdam 1058 EK,52.3623493,4.8432632
Nieuwezijds Voorburgwal 329 -b Amsterdam 1012 RM,52.3708532,4.8907198
Jozef Israelskade 32 HS Amsterdam 1072 RW,52.3484958,4.890095
Westerdoksdijk 665 Amsterdam 1013 BX,52.3871632,4.8921823
Van Beuningenstraat 5 D Amsterdam 1051 XC,52.385157,4.8789997
Schollenbrugstraat 25 II Amsterdam 1091 GB,52.3503722,4.9141863
Noordzijde 273 Amsterdam 1064 ME,52.373281,4.8189726
Kinkerstraat 221 C Amsterdam 1053 DS,52.3653807,4.8658215
Esmoreitstraat 53 I Amsterdam 1055 CC,52.3778825,4.8513813
Rinus Michelslaan 303 Amsterdam 1061 MB,52.3733138,4.8384805
Jan Pieter Heijestraat 101 D Amsterdam 1053 GN,52.3636363,4.8635962
Jean Desmetstraat 10 Amsterdam 1087 DR,52.3607095,4.9918053
Korte Geuzenstraat 11 II Amsterdam 1056 KR,52.3709721,4.8648762
Rinus Michelslaan 285 Amsterdam 1061 MB,52.3732359,4.8384566
Ben Brilstraat 18 Amsterdam 1061 MH,52.3752733,4.8384073
Ten Katestraat 10 3+4 Amsterdam 1053 CE,52.3674772,4.8665048
Tweede Kostverlorenkade 28 2 Amsterdam 1053 TP,52.3696104,4.8650671
Nassaukade 384 3 Amsterdam 1054 AD,52.3644192,4.8782679
Lootsstraat 24 II Amsterdam 1053 NX,52.3640695,4.8610198
Nicolaas Anslijnstraat 117 Amsterdam 1068 WT,52.3574459,4.8081071
Olympiaweg 58 III Amsterdam 1076 XB,52.3481936,4.8620554
Kinkerstraat 364 5 Amsterdam 1053 GG,52.3646431,4.8614693
Nassaukade 384 2 Amsterdam 1054 AD,52.3644192,4.8782681
Postjeskade 103 H Amsterdam 1058 DK,52.3630189,4.8501409
Jacob van Lennepstraat 252 D Amsterdam 1053 KB,52.3639709,4.8639733
Antillenstraat 40 -II Amsterdam 1058 HC,52.3597778,4.8505992
Albert Cuypstraat 98 3 Amsterdam 1072 CX,52.3550831,4.8915715
Kijkduinstraat 41 3 Amsterdam 1055 XR,52.3819715,4.8536117
Chassestraat 48 -50 Amsterdam 1057 JH,52.3691621,4.8615131
Brouwersgracht 244 -L Amsterdam 1013 HE,52.3823011,4.8857744
Lootsstraat 1 -III Amsterdam 1053 NT,52.3640695,4.8610198
Piet Gijzenbrugstraat 43 -I Amsterdam 1059 XG,52.3502668,4.8468447
Borgerstraat 224 III Amsterdam 1053 RE,52.3640402,4.8621051
Legmeerstraat 25 II Amsterdam 1058 NA,52.354147,4.8513396
Johan van der Keukenstraat 152 Amsterdam 1087 AZ,52.3597607,4.990287
Piet de Winterlaan 28 Amstelveen,52.3154289,4.8826283
Zwanenburgerdijk 440 Zwanenburg,52.381715,4.7496827
Zwanenburgerdijk 439 Zwanenburg,52.381766,4.7495765
Koggestraat 3 B Amsterdam,52.3774077,4.8934074
Rombout Hogerbeetsstraat 14 2 Amsterdam,52.3782326,4.8739242
Van Oldenbarneveldtstraat 26 3 Amsterdam,52.3767191,4.8751898
Hoogduinweg 62 De Zilk,52.3016703,4.5402695
Vianenstraat 109 Amsterdam,52.2987954,4.9845277
Nieuwezijds Voorburgwal 175 2 Amsterdam,52.371933,4.8909867
Kastanjelaan 44 Zwanenburg,52.3803525,4.745631
"Bilderdijkstraat 170-1, 1053LD Amsterdam",52.3669719,4.8720723
"Jisperveldstraat 568, 1024BC Amsterdam",52.4004646,4.9518818
"Van Nijenrodeweg 736, 1082JE Amsterdam",52.3274998,4.8705206
"Abraham De Haanstraat 8, 1035TD Amsterdam",52.4222466,4.901978
"Ilperveldstraat 139, 1024PL Amsterdam",52.3965252,4.9457774
"Wolbrantskerkweg 76B, 1069DA Amsterdam",52.3561269,4.7976434
"Egidiusstraat 13-2, 1055GL Amsterdam",52.3772394,4.8525674
"Geerdinkhof 127, 1103PT Amsterdam",52.3243964,4.9856305
"Marnixstraat 237E, 1015WE Amsterdam",52.376065,4.8777679
"Achtersteven 42, 1034VC Amsterdam",52.4145514,4.919421
Postjesweg Amsterdam,52.3642921,4.8339612
Graan Voor Visch Amsterdam,52.2934224,4.6858295
Eva Besnyostraat Amsterdam,52.3499149,5.0080078
Gustav Mahlerlaan Amsterdam,52.3367294,4.8772709
Ten Katestraat Amsterdam,52.3651704,4.8680823
Leppepaalweg 10 7546 RE Enschede,52.1721435,6.8165493
Antwerpenstraat 46 7559 NH Hengelo,52.2932594,6.8077868
Prunuslaan 11 4702 AL Roosendaal,51.5270763,4.4701482
Heijermanslaan 21 4707 LH Roosendaal,51.5134406,4.458504
Smaragddijk 2 4706 MA Roosendaal,51.5208307,4.4872879
Piet Heinstraat 22 5151 MT Drunen,51.68373,5.1373988
Molenstraat 59a 4701 JN Roosendaal,51.5353073,4.461754
Bronkhorstdreef 48 4706 VB Roosendaal,51.5279415,4.5076848
Voltastraat 2a 4702 PC Roosendaal,51.5415596,4.473663
Lotusberg 7 4708 LT Roosendaal,51.5160217,4.4302135
Pieter Aertszstraat 30-3 AMSTERDAM,52.3520609,4.899663
Djambistraat 25-1 AMSTERDAM,52.3649042,4.93815
Hestiastraat 77-3 AMSTERDAM,52.3455386,4.8563398
Welnastraat 318 AMSTERDAM,52.3398898,4.9194054
Amstelveenseweg 1112 AMSTERDAM,52.3225426,4.8572157
Haarlemmerweg 135C AMSTERDAM,52.3852757,4.873167
Rietwijkerstraat 11-3 AMSTERDAM,52.3490534,4.8506029
Vechtstraat 81-3 AMSTERDAM,52.3439503,4.9074275
Hestiastraat 63-2 AMSTERDAM,52.3458993,4.8566582
Van Oldenbarneveldtstraat 50T 1052 KC Amsterdam,52.3754812,4.8736623
Niasstraat 283 1095 SG Amsterdam,52.3650256,4.9439775
Utrechtsedwarsstraat 48L 1017 WG Amsterdam,52.3612042,4.8980653
Oude-IJselstraat 16-3 1078 CM Amsterdam,52.3482534,4.9025665
Nico Jessekade 119 1087 MR Amsterdam,52.34763,5.004734
Radarweg 288 1043 NV Amsterdam,52.3868521,4.8350977
Okeghemstraat 32-2 1075 PP Amsterdam,52.3508532,4.8630421
Gerard Doustraat 37H 1072 VK Amsterdam,52.3553907,4.8897771
Wolvenstraat 30 1016 EP Amsterdam,52.3704001,4.8855415
Ceintuurbaan 468 1074 EC Amsterdam,52.35564,4.9044532
Spaarndammerstraat 45-4 1013 ST Amsterdam,52.3888729,4.8795793
Van Beuningenstraat 1A 1051 XC Amsterdam,52.3852654,4.8791307
Karel Doormanlaan 14 Uithoorn 1421 BR,52.236983,4.8241653
Arthur van Schendelsingel 6 Amstelveen 1187 VR,52.2749353,4.8256636
Anna Blamansingel 30 Amsterdam 1102 SR,52.3159492,4.9456403
Carel Fabritiuslaan 9 Amstelveen 1181 TD,52.3057115,4.8643067
Zeelandiahoeve 81 Amstelveen 1187 MA,52.2803612,4.8249883
Grote Belt 32 Hoofddorp 2133 GA,52.3136386,4.6705724
De Weteringsbrugmolen 131 Amstelveen 1188 GZ,52.2783454,4.8460795
Bleriotlaan 19 Amstelveen 1185 HE,52.2972044,4.8526107
Wimbledonpark 163 Amstelveen 1185 XJ,52.2899585,4.844504
Anna Blamansingel 138 Amsterdam 1102 SV,52.3165942,4.947511
Felix de Nobelhof 25 Amstelveen 1187 HW,52.285788,4.8293083
Rembrandtweg 382 Amstelveen 1181 HC,52.3101842,4.8635346
Van Oldenbarneveldtstraat 57 III Amsterdam 1052 JT,52.3751355,4.8744539
Branding 8 Amstelveen 1186 DH,52.2750615,4.8669655
Dokter Koomansstraat 41 Abcoude 1391 XA,52.2729881,4.9699298
De Parel 9 Amstelveen 1188 HK,52.2801677,4.8439421
Ringslang 145 Amstelveen 1187 BT,52.2896841,4.8263857
Lunenburg 9 Amstelveen 1187 DW,52.2765711,4.8134729
Parnassusweg 192 Amsterdam 1076 AT,52.3428654,4.8676562
De Boelelaan 315 Amsterdam 1082 RD,52.3346826,4.8770686
Rembrandtweg 342 Amstelveen 1181 HB,52.3097251,4.8636673
Keizer Karelweg 425 Amstelveen 1181 RG,52.3118079,4.8563541
Statenjachtstraat 414 Amsterdam 1034 ET,52.4058635,4.9178087
Veenendaalplein 59 Amstelveen 1185 DD,52.3002693,4.8471964
Jan Pieter Heijestraat 188 I Amsterdam 1054 MN,52.3606617,4.8653292
Schouwenselaan 47 Amstelveen 1181 KA,52.3143775,4.864757
Soerlaan 35 Amstelveen 1185 JH,52.2989129,4.8517212
Nieuwezijds Kolk 7 A Amsterdam,52.3761194,4.8948462
Marnixstraat 263 1A Amsterdam,52.375209,4.8772193
Dolingadreef 157 Amsterdam,52.3237372,4.9444773
Welnastraat 271 Amsterdam,52.3389134,4.9206296
Frederik Hendrikstraat 127 1 Amsterdam,52.3739124,4.8725204
Eerste Schinkelstraat 6 3 Amsterdam,52.3540794,4.8548135
KNSM-laan 34 Amsterdam,52.3766952,4.9380868
Ertskade 358 Amsterdam,52.3742066,4.9414563
Seinwachterstraat 98 Amsterdam,52.3737326,4.9435821
D.L. Hudigstraat 39 Amsterdam,52.3727924,4.9397442
Brigantijnkade 4 Amsterdam,52.364422,4.9848139
Scheepstimmermanstraat 49 Amsterdam,52.3723798,4.9495868
Panamalaan 226 Amsterdam,52.371578,4.93472
Scheepstimmermanstraat 61 Amsterdam,52.3724355,4.9500708
Ravenwerf 51 Amsterdam,52.3739574,4.9225218
Scheepstimmermanstraat 58 Amsterdam,52.3722174,4.9494269
Zeeburgerdijk 584 Amsterdam,52.3660238,4.944409
Conradstraat 126 H Amsterdam,52.3711211,4.9304969
Lampenistenstraat 62 Amsterdam,52.3735881,4.9456675
D.L. Hudigstraat 31 Amsterdam,52.3728389,4.9401549
J.M. van der Meylaan 48 Amsterdam,52.3678792,4.9453438
Veemkade 1120 Amsterdam,52.3747928,4.9339968
Rietlandterras 50 Amsterdam,52.3718102,4.9367145
Nieuwe Batavierstraat 5 1 Amsterdam,52.3706846,4.9042454
Borneokade 22 Amsterdam,52.3703153,4.9406793
Neerkanne 46 Amsterdam,52.3236144,4.8699056
R.J.H. Fortuynplein 3 Amsterdam,52.3714451,4.9470997
Ertskade 63 Amsterdam,52.3748056,4.9469342
Stuurmankade 76 Amsterdam,52.3715927,4.9410918
Windroosplein 48 Amsterdam,52.3726502,4.9251541
Scheepstimmermanstraat 17 Amsterdam,52.3721938,4.9478853
Westerdoksdijk 391 Amsterdam,52.3848205,4.8929282
Feike de Boerlaan 82 Amsterdam,52.371011,4.941627
Fred Petterbaan 17 Amsterdam,52.3732694,4.9375367
J.F. van Hengelstraat 60 Amsterdam,52.374554,4.9469514
Jacob Burggraafstraat 47 1018WA Amsterdam,52.3723662,4.9224359
Blasiusstraat 134-1 1091CZ Amsterdam,52.3574541,4.9129769
Lakenkopersweg 92 1383CV Weesp,52.2977412,5.0380428
Lumeijstraat 50-2 1056VZ Amsterdam,52.3738802,4.8611108
Tesselschadelaan 99 1399KV Muiderberg,52.3237501,5.1234155
IJburglaan 897 1087EN Amsterdam,52.3562498,4.9939441
Bestevâerstraat 10-3 1056HM Amsterdam,52.3727176,4.8603906
Danie Theronstraat 17B 1091XV Amsterdam,52.3522441,4.9159534
Crynssenstraat 61H 1058XV Amsterdam,52.3634405,4.8559778
Kastanjeplein 4-2 1092CJ Amsterdam,52.3588607,4.9232082
Brentanostraat 162 1102RZ Amsterdam,52.3166678,4.9457785
Tweede Atjehstraat 30H 1094LH Amsterdam,52.3619381,4.933512
Rhijnvis Feithstraat 10H 1054TX Amsterdam,52.3607935,4.8589897
Lutmastraat 39-2 1072JN Amsterdam,52.3506263,4.8938521
Wilhelminastraat 189-2 1054WE Amsterdam,52.3604339,4.85898
Bos en Lommerplantsoen 99L 1055AA Amsterdam,52.3761467,4.8444794
Van Oldenbarneveldtstraat 14-3 1052KA Amsterdam,52.3770075,4.8753625
Van Oldenbarneveldtstraat 96AO 1052KH Amsterdam,52.3739146,4.873722
Bestevâerstraat 16-1 1056HN Amsterdam,52.3729419,4.8603141
Kastanjeplein 4-1 1092CJ Amsterdam,52.3588607,4.9232084
Vespuccistraat 60-2 1056SN Amsterdam,52.371357,4.8535784
Dijkgraafplein 65 1069EL Amsterdam,52.3554024,4.7875838
Van Bossestraat 26-3 1051JZ Amsterdam,52.3814621,4.8684374
Mezquitalaan 51 1064NS Amsterdam,52.3690008,4.8318019
A.J. Koejemansstraat 53 1069PM Amsterdam,52.3508513,4.7851791
Marmolada 10 1060PG Amsterdam,52.3506814,4.7765952
L.J.M. Beelstraat 15 1067WH Amsterdam,52.3821504,4.7912315
Langswater 39 1069TR Amsterdam,52.3536932,4.7908361
Wolbrantskerkweg 50A 1069DA Amsterdam,52.3570053,4.7971474
Amstelveenseweg 978B 1081JR Amsterdam,52.3255716,4.8572382
Welnastraat 561 1096GJ Amsterdam,52.3387251,4.9207248
Osdorper Ban 955 1069GA Amsterdam,52.3599251,4.7915302
H. Diesveldsingel 15 1060RL Amsterdam,52.3509995,4.789595
Ingelandenweg 172 1069WJ Amsterdam,52.3563902,4.7856617
Forintplantsoen 24 1060SK Amsterdam,52.3472064,4.7860064
Willem Kraanstraat 52 1063ML Amsterdam,52.3806209,4.8239603
De Bazelhof 16 1067LZ Amsterdam,52.3766818,4.7958135
Boelijn 118 Almere,52.3931528,5.1773183
Jan Evertsenstraat 705 Amsterdam,52.3694622,4.8364214
Mercuriusstraat 13 Amsterdam,52.4145562,4.8833219
Grubbehoeve 527 Amsterdam,52.3217272,4.9778368
Mercuriusstraat 15 Amsterdam,52.4145833,4.8833656
Waterlandplein 20A Amsterdam,52.3922496,4.9545944
Duinmeerstraat 20 Almere,52.344278,5.1428221
Christoffelkruidstraat 18 Amsterdam,52.3963048,4.9054048
Pietersbergweg 239 Amsterdam,52.2986932,4.954445
Theodoor van Hoytemastraat 37 Amsterdam,52.3603836,4.8399547
Daniel Defoelaan 271 Amsterdam,52.324725,4.9490736
Matho Tongastraat 4 Almere,52.401942,5.3157186
Woestduinstraat 111-1 Amsterdam,52.3508927,4.8478213
Heer Halewijnstraat 7 -H Amsterdam,52.3772317,4.8547562
Eerste Kostverlorenkade 10-1 Amsterdam,52.3791479,4.8735905
Dostojevskisingel 285 Amsterdam,52.32471,4.9498366
IJdoornlaan 1461 - D Amsterdam,52.4070413,4.9188798
Jacob Van Lennepstraat 35-1A Amsterdam,52.3666336,4.8748953
Esmoreitstraat 41-2 Amsterdam,52.3778714,4.8512233
Lange Leidsedwarsstraat 25-2 Amsterdam,52.364319,4.8842009
Esmoreitstraat 31-3 Amsterdam,52.3776023,4.8513585
Het Hoogt 205 Amsterdam,52.3973473,4.9375422
Westermarkt 15 - B Amsterdam,52.3738725,4.884166
Duivelandselaan 31 Amstelveen,52.3146031,4.8659074
Leiduinstraat 44 I Amsterdam Zuid,52.3535935,4.8468832
Jacob de Graeflaan 31 Amstelveen,52.317498,4.8625031
Valkenburgerstraat 38 D Amsterdam Centrum,52.3703157,4.9082502
Klaasje Zevensterstraat 545 Amstelveen,52.3024171,4.8763922
Eerste Boerhaavestraat 11 C Amsterdam - Weesperzijde,52.3582954,4.9076094
Wijsmullerstraat 34 H Amsterdam - Hoofddorppleinbuurt,52.3564016,4.8516586
Bolestein 19 Amsterdam - Buitenveldert,52.326671,4.8598949
Tweede Anjeliersdwarsstraat 11 Amsterdam Centrum,52.3776367,4.8816559
Maasstraat 20 III Amsterdam - Rivierenbuurt,52.3471711,4.8951496
Nieuwe Spiegelstraat 26-B Amsterdam,52.36413,4.889306
Nassaukade 89-4 Amsterdam,52.3821126,4.8791286
Kinkerstraat 6-1 Amsterdam,52.3683448,4.8757124
Nassaukade 89-3A Amsterdam,52.3821126,4.8791286
Tilanusstraat 34-2 Amsterdam,52.3584291,4.9118216
Kousenbandstraat 34 Amsterdam,52.3165044,4.9854085
Vechtstraat 139-H Amsterdam,52.3421198,4.9081658
Nassaukade 89-3B Amsterdam,52.3821126,4.8791286
Galjootstraat 136 Amsterdam,52.3636065,4.9889256
Balistraat 135-A Amsterdam,52.3632609,4.9385336
Van Heenvlietlaan 285 Amsterdam,52.3271216,4.8828329
Kinkerstraat 64-B Amsterdam,52.3675594,4.8728288
Welnastraat 83 Amsterdam,52.3389759,4.9205182
Van der Hoopstraat 33-2 Amsterdam,52.3843551,4.8743969
Derde Oosterparkstraat 135-B Amsterdam,52.3573453,4.919525
Albert Cuypstraat 164-B Amsterdam,52.3556991,4.8948057
Postjesweg 183 Amsterdam,52.3637282,4.8382691
Albrecht Durerstraat 23-2 Amsterdam,52.348735,4.8760853
Meeuwenlaan 165-B Amsterdam,52.3853619,4.9177311
Ruyschstraat 99-1 Amsterdam,52.3582709,4.9127186
Doggersbankstraat 19 3 Amsterdam,52.3845818,4.8504663
Riouwstraat 128 Amsterdam,52.3620018,4.9359625
Sausalitolaan 44 Amsterdam,52.3867957,4.9036886
Kiekstraat 42 Amsterdam,52.3545843,4.9985532
Ariana Nozemanstraat 15 3 Amsterdam,52.3553653,4.8316353
Adelaarsweg 73 B Amsterdam,52.3869559,4.9163191
Tweede Helmersstraat 39 1 Amsterdam,52.3644215,4.8766973
Groenburgwal 69 3 Amsterdam,52.3679342,4.8976683
Admiraal De Ruijterweg 237 4 Amsterdam,52.3778449,4.857318
Joos de Moorstraat 10 1 Amsterdam,52.3731622,4.8573011
Lepelstraat 4 3 Amsterdam,52.3625735,4.9055231
Borssenburgplein 147 Amsterdam,52.3485232,4.9070696
Van Spilbergenstraat 72 2 Amsterdam,52.3663348,4.8520385
Nieuwpoortstraat 94 A 14 Amsterdam,52.3842507,4.8567867
Jodenbreestraat 146 A Amsterdam,52.3687282,4.9027984
Insulindeweg 410 Amsterdam,52.3611471,4.9381299
Orteliusstraat 244 H Amsterdam,52.3714607,4.8486878
Corantijnstraat 35 1 Amsterdam,52.3616626,4.850377
Bataviastraat 75 A Amsterdam,52.3617037,4.945097
Roggeveenstraat 143 Amsterdam,52.389745,4.8863215
Reinwardtstraat 17 Amsterdam,52.3608397,4.9259329
Javaplein 33 4 Amsterdam,52.3633083,4.9399382
Camperstraat 40 4 Amsterdam,52.3580118,4.9132644
Boulevardpad 1 Amsterdam,52.3692678,4.9230261
Nieuwpoortstraat 94 B 15 Amsterdam,52.3842726,4.8568052
Jacques Veltmanstraat 44 H Amsterdam,52.3540204,4.8321944
Zaanstraat 163 Amsterdam,52.3889915,4.8761641
Jan den Haenstraat 34 C Amsterdam,52.3787268,4.8614067
Boterdiepstraat 54 H Amsterdam,52.3416227,4.9097558
Van Oldenbarneveldtstraat 101 3 Amsterdam,52.3738011,4.8737994
Blasiusstraat 82 3 Amsterdam,52.3570611,4.91144
Kinkerstraat 256 3 Amsterdam,52.365449,4.8649251
Middenweg 123 2 Amsterdam,52.3518474,4.9340258
Churchill-laan 27 A 2 Amsterdam,52.3463594,4.9010174
Rustenburgerstraat 127 2 Amsterdam,52.3528692,4.9016359
Ruyschstraat 347 Amsterdam,52.3586363,4.9141826
Groenburgwal 69 2 Amsterdam,52.3679343,4.8976681
Bilderdijkstraat 23 H Amsterdam,52.3717311,4.8710919
De Kempenaerstraat 28 1 Amsterdam,52.3803709,4.8696108
Marnixstraat 152 3 Amsterdam,52.3732528,4.8758757
Rookmelderstraat 38 Amsterdam,52.3682622,4.9543147
Zaagmolenstraat 7 H Amsterdam,52.3779437,4.8735891
Sumatrastraat 149 C Amsterdam,52.3588082,4.9375364
Backershagen 53 Amsterdam,52.3274691,4.8758458
Curacaostraat 115 1 Amsterdam,52.3624689,4.8517766
Borneostraat 23 2 Amsterdam,52.3646221,4.9372133
Van Houweningenstraat 68 1 Amsterdam,52.3730952,4.8706208
De Clercqstraat 38 2 Amsterdam,52.3712731,4.8711265
Blasiusstraat 110 4 Amsterdam,52.357254,4.9123013
Joan Melchior Kemperstraat 82 1V Amsterdam,52.384987,4.8728765
Haag en Veld 91 B Amsterdam,52.3107095,4.957835
Sint Willibrordusstraat 72 Amsterdam,52.353959,4.8999946
Spaanse Brabanderstraat 5 Amsterdam,52.3789511,4.8495068
Burgemeester Cramergracht 69 Amsterdam,52.3729489,4.8323541
S. F. van Ossstraat 104 Amsterdam,52.3558549,4.8117972
Willem Augustinstraat 144 Amsterdam,52.3753887,4.8390839
Haarlemmerstraat 79 B Amsterdam,52.3803115,4.891495
Schokkerjachtdijk 15 Amsterdam,52.3626425,4.9869812
Haarlemmerstraat 79 C Amsterdam,52.380296,4.8914828
Narva-eiland 239 Amsterdam,52.3939245,4.882475
Wamelplein 78 Amsterdam,52.2986327,4.9868894
Aalsmeerweg 93-H Amsterdam,52.3480801,4.8479582
Joan Melchior Kemperstraat 56 Amsterdam,52.3850283,4.8741686
Alblasstraat 5-2 Amsterdam,52.3426597,4.8995612
Schalk Burgerstraat 38 Amsterdam,52.3530574,4.9204803
Geuzenkade 80-2 Amsterdam,52.3746485,4.864097
Bilderdijkkade 89-1 Amsterdam,52.3663768,4.8716241
Tolstraat 83-1 Amsterdam,52.3521526,4.9022161
Brouwersgracht 703 Amsterdam,52.3827959,4.883815
Hofmeyrstraat 32-H Amsterdam,52.3510553,4.9168132
Eerste Jan Steenstraat 72-3 Amsterdam,52.3538637,4.8901175
Sassenheimstraat 88-2 Amsterdam,52.3488554,4.8464517
Ruysdaelstraat 99-2 Amsterdam,52.3530617,4.8789858
Derde Oosterparkstraat 68-3 Amsterdam,52.3561727,4.916235
Van Hilligaertstraat 11 A Amsterdam,52.3499122,4.8874299
Tolstraat 83-2 Amsterdam,52.3521528,4.9022161
Schipbeekstraat 7-1 Amsterdam,52.3477316,4.898067
Vincent van Goghstraat 36-C Amsterdam,52.348977,4.8885286
Wilhelminastraat 3-2 Amsterdam,52.3624019,4.8670458
Prinsengracht 479-1A Amsterdam,52.3697873,4.8830375
Loenermark 577 Amsterdam,52.3996136,4.9308194
Graaf Florisstraat 4-H Amsterdam,52.3522378,4.9122404
Sterappelstraat 35 Amsterdam,52.4080186,4.905171
Govert Flinckstraat 173-I Amsterdam,52.3550782,4.8934576
Groenhoven 743 Amsterdam,52.3262147,4.9760795
Admiraal de Ruijterweg 144-4 Amsterdam,52.3739262,4.8590282
Amsterdamseweg 274 Amsterdam,52.3188186,4.8572675
Sint Luciensteeg 17-F Amsterdam,52.3706572,4.891192
Eerste Jan Steenstraat 72-4 Amsterdam,52.3538636,4.8901176
Montfoorthof 76 Amsterdam,52.2963033,4.9708146
Zwanebloemlaan 272 Amsterdam,52.3526568,4.9972931
Willem de Zwijgerlaan 243-A Amsterdam,52.3785197,4.862079
Lindenhoevestraat 15 Amsterdam,52.3404953,4.9223279
Stettineiland 40 Amsterdam,52.3937432,4.8789193
Schinkelhavenkade 7-3 Amsterdam,52.3557843,4.854309
Tweede Jan Steenstraat 114-A Amsterdam,52.3566937,4.9023398
Willemsparkweg 127 Amsterdam,52.3563864,4.8725328
Van Spilbergenstraat 119-3 Amsterdam,52.3679027,4.8509473
Theophilusstraat 15-1 Amsterdam,52.3791013,4.8529123
Eerste Ceramstraat 3-3 Amsterdam,52.3633584,4.940456
Van Der Hoopstraat 73-1 Amsterdam,52.3843113,4.8725612
Daguerrestraat 23 Amsterdam,52.3579926,4.9910075
Groenhoven 222 Amsterdam,52.3245949,4.9766946
Katwijkstraat 1 A 1 Amsterdam,52.3509269,4.8474539
Marnixstraat 34 1R Amsterdam,52.3823273,4.8813966
Kleiburg 826 Amsterdam,52.3187584,4.9791989
Waalstraat 49-2 Amsterdam,52.344956,4.9006513
Koningsstraat 48 Amsterdam,52.3721675,4.9020119
Jan van Eijckstraat 9-2 Amsterdam,52.3498895,4.8769819
Palmgracht 62-2 Amsterdam,52.3821265,4.8827944
Mr. Troelstralaan 60 Amsterdam,52.3033952,5.0380978
Jan Vrijmanstraat 184 Amsterdam,52.3469963,5.0076653
Vrolikstraat 196-2 Amsterdam,52.3571658,4.9218611
Kinderdijkstraat 51-2 Amsterdam,52.3419466,4.9031936
Gouden Leeuw 408 Amsterdam,52.3245465,4.9742316
Van Hallstraat 33-1 Amsterdam,52.3843548,4.8701665
Westermarkt 19-C Amsterdam,52.3738359,4.8840048
Vrolikstraat 309-E Amsterdam,52.3562425,4.9178337
Ruysdaelkade 45-2 Amsterdam,52.3581026,4.8871046
Bloemstraat 31-b Amsterdam,52.3741588,4.8817396
Maassluisstraat 256-N Amsterdam,52.3496318,4.8351781
Swammerdamstraat 61-2 Amsterdam,52.3572099,4.9081502
Jan van Zutphenstraat 151 Amsterdam,52.3505231,4.8021796
Eerste Helmersstraat 195-2 Amsterdam,52.3615439,4.8680981
Prinsengracht 858 A Amsterdam,52.3622684,4.9011366
Schokkerjachtdijk 5 Amsterdam,52.3619441,4.9860709
Hofwijckstraat 4 IV Amsterdam,52.3796668,4.8504941
Kruitmolen 17 Muiden,52.3326254,5.0604505
Joan Melchior Kemperstraat 42-I Amsterdam,52.3848996,4.8732619
Wilhelminastraat 98-II Amsterdam,52.3612564,4.8619044
Bestevâerstraat 209-1 Amsterdam,52.3791588,4.8577141
Da Costastraat 96 3A Amsterdam,52.3672006,4.875167
Tolstraat 4-B Amsterdam,52.3515845,4.8995657
Jan Bernardusstraat 23-HL Amsterdam,52.3500794,4.9138473
Wijsmullerstraat 44II Amsterdam,52.3563785,4.8518065
Amstelveenseweg 59-3 Amsterdam,52.3540299,4.855886
Prinsengracht 133K Amsterdam,52.3786268,4.8868524
Wijsmullerstraat 44H Amsterdam,52.3559432,4.8516641
Kastelenstraat 85-I Amsterdam,52.3258507,4.8707144
Da Costakade 171-H Amsterdam,52.3675022,4.874093
Groetstraat 15 Amsterdam,52.3923467,4.9510351
Niersstraat 24-4 Amsterdam,52.343249,4.8942526
Sluisstraat 31 H Amsterdam,52.3520905,4.8544413
Loenermark 365 Amsterdam,52.3989674,4.9310902
Amstelkade 3-3 Amsterdam,52.3494665,4.9092318
Eerste Atjehstraat 118-C Amsterdam,52.3625354,4.9369407
Herengracht 147F Amsterdam,52.3752491,4.8888058
Borgerstraat 104-E Amsterdam,52.3650379,4.8655466
Sausalitolaan 92 Amsterdam,52.3867971,4.9036916
Paramaribostraat 67 Amsterdam,52.3609968,4.8541873
Radarweg 400 Amsterdam,52.3867884,4.8350625
Blasiusstraat 43-H Amsterdam,52.356675,4.9091092
Tegenhouderstraat 61 Amsterdam,52.4067337,4.8974751
Sausalitolaan 14 Amsterdam,52.3867946,4.90369
Groenhoven 265 Amsterdam,52.3246288,4.9767652
Pieter van der Doesstraat 36-I Amsterdam,52.3730409,4.8581489
Badhuiskade 289 Amsterdam,52.3853296,4.9055676
Derde Hugo de Grootstraat 8-H Amsterdam,52.3736813,4.8729493
Tweede Jan v/d Heijdenstr. Amsterdam,52.355834,4.9018868
Tweede Jan v/d Heijdenstraat Amsterdam,52.355834,4.9018868
Commelinstraat 14-O Amsterdam,52.3631973,4.9244553
Foeliedwarsstraat 54 Amsterdam,52.3705928,4.910724
Maasstraat 138-3 Amsterdam,52.343319,4.8960167
J.G. Waltherhof 59 Almere,52.3684551,5.2039519
Tweede Jan Steenstraat 112-2 Amsterdam,52.3570309,4.9039096
Baarsstraat 10-I Amsterdam,52.3505354,4.85433
Lumeijstraat 46-2 Amsterdam,52.3737366,4.8611565
Admiralengracht 48-1 Amsterdam,52.3664888,4.8583058
Nieuwe Prinsengracht 86-2 Amsterdam,52.3637571,4.9092099
Oudezijds Achterburgwal 117 Amsterdam,52.3723758,4.8980453
Sloterkade 89 III Amsterdam,52.3529099,4.8526774
Ruyschstraat 77 H Amsterdam,52.3580526,4.9118986
Molenbeekstraat 33-1 Amsterdam,52.3437366,4.8948385
Leeuwendalersweg 13-A Amsterdam,52.3793141,4.8463883
Nico Jessekade 239 Amsterdam,52.3454536,5.0090308
Aalsmeerweg 71-4 Amsterdam,52.3488116,4.8487272
Admiraal de Ruijterweg 139-I Amsterdam,52.3716403,4.8595858
Wittenkade 33-II Amsterdam,52.3841037,4.8788615
Keizersgracht 26-E Amsterdam,52.3789252,4.888764
Van Nijenrodeweg 423 Amsterdam,52.3275384,4.8773267
Admiraal de Ruijterweg Amsterdam,52.3716403,4.8595858
Spuistraat 72 Amsterdam,52.3757647,4.8917542
Albert Cuypstraat 201-4 Amsterdam,52.3560609,4.8952591
Ferguutstraat 10-hs Amsterdam,52.3775335,4.8550195
Ottho Heldringstraat 35-E Amsterdam,52.3484436,4.8334379
Henegouwselaan 89 Amstelveen,52.3202675,4.8669566
Sluisstraat 4-H Amsterdam,52.352645,4.8556375
Kanaalstraat 69-H Amsterdam,52.3623636,4.8645512
Veerstraat 38-1 Amsterdam,52.3516141,4.8543
Torreslaan 11 Utrecht 3526EZ,52.0651106,5.098961
Teldershof 62 Amsterdam 1067ML,52.3799683,4.8002994
Von Guerickestraat 70 Amsterdam 1097RB,52.3438105,4.9247733
Ir G Friedhoffplein 16 Zandvoort 2042BP,52.3667765,4.5236389
Professor J.H. Gunningstraat 91 Amsterdam 1068MS,52.3532605,4.8032298
Logger 308 1186RZ Amstelveen,52.2827946,4.860053
Singel 99A 1012VG Amsterdam,52.3758801,4.891339
Zijlweg 2 2051BB Overveen,52.3881669,4.6077044
Oudezijds Achterburgwal 173D 1012DJ Amsterdam,52.3709591,4.8966802
Populierenlaan 403 1185SR Amstelveen,52.2927737,4.8450463
Plantage Parklaan 30 3 Amsterdam 1018 SW,52.3686537,4.9109781
Matrozenhof 37 Amsterdam 1018 ZP,52.3697767,4.9154268
Thomas a Kempislaan 6 Amstelveen 1185 CC,52.2942105,4.8620795
Tugelastraat 35 Haarlem 2021 TA,52.3944523,4.6440586
Frederik Hendrikstraat 96 4 Amsterdam 1052 HZ,52.3759361,4.8732038
Wedderborg 27 Amsterdam 1082 SV,52.3340663,4.8738185
Martin Luther Kinglaan 482 Diemen 1111 LT,52.3456198,4.9626218
Rustenburgerstraat 300 A Amsterdam 1073 GM,52.3520792,4.8953184
Lijnbaansgracht 341 D Amsterdam 1017 XA,52.3600966,4.8932033
Waldenlaan 225 Amsterdam 1093 NH,52.3582195,4.9339517
Balistraat 35-2 Amsterdam,52.3631602,4.9332935
Eisdenstraat 38 Amsterdam,52.3502882,4.8166692
Filips van Almondestraat 11-2 Amsterdam,52.369976,4.8583522
Borneostraat 25-3 Amsterdam,52.3645955,4.9372873
Willem Augustinstraat 314 Amsterdam,52.3753918,4.8373375
Noorderstraat 83B Amsterdam,52.3611814,4.8947477
Linnaeusstraat 31D Amsterdam,52.3622622,4.9242743
Amstelveenseweg 20 Amsterdam,52.3561723,4.8546255
Chet Bakerstraat 5 Amsterdam,52.3445567,4.824726
Aalsmeerweg 62 2 Amsterdam,52.3490981,4.8484301
Orteliusstraat 174 2 Amsterdam,52.3693712,4.8497406
Kanaalstraat 170 1 Amsterdam,52.3612527,4.8591463
Beemsterstraat 370 Amsterdam,52.3937718,4.9499486
M.Nijhoffstraat 122 Weesp,52.3128718,5.037945
Voc-Kade 66 Amsterdam,52.3721202,4.9266462
Beemdgras 24 Wilnis,52.2000294,4.8942558
Aletta Jacobsstraat 57 Assendelft,52.4619219,4.7408792
Middenpad 7 Norg,53.0789815,6.4795572
Zaanstraat 32 Amsterdam,52.3874967,4.8796633
Haarspitstraat 21 Purmerend,52.5072794,4.9811126
Prattenburg 345 Haarlem,52.3522682,4.6515148
Mandarijnenstraat 14 1 Amsterdam,52.4097006,4.8956194
Burgemeester Cramergracht 58 Amsterdam,52.3729941,4.8323833
Vurehout 269 Zaandam,52.4415747,4.8110643
Juffer Marthastraat 2 Warffum,53.395898,6.5604431
Chestertonlaan 215 – Amsterdam,52.3241626,4.9477004
Van Nijenrodeweg 226 – Amsterdam,52.3275546,4.8790135
Albert Cuypstraat 153B – Amsterdam,52.3556899,4.8935654
Nicolaas Anslijnstraat 37 – Amsterdam,52.3576973,4.8079863
Parelstraat 36 – Amsterdam,52.3701397,4.9207704
De Klencke 93B – Amsterdam,52.333498,4.8857386
Hoogte Kadijk 25C – Amsterdam,52.3699336,4.9141356
Laagte Kadijk 3C – Amsterdam,52.3700342,4.9123583
Geuzenstraat 41-3 – Amsterdam,52.3718644,4.8645556
Daniel Stalpertstraat 14-2 – Amsterdam,52.3562449,4.8878153
Groen van Prinstererstraat 52-3 – Amsterdam,52.3831141,4.8721488
Bolestein 310 – Amsterdam,52.3256348,4.8593058
Gerda Brautigamstraat 37 Amsterdam,52.3792185,4.7890825
Ekingenstraat 252 Amsterdam,52.3545537,4.7975763
Clauskindereweg 33 Amsterdam,52.3545331,4.7952427
Rozengracht 212 1 Amsterdam,52.3726648,4.8770723
Pieter Aertszstraat 111 3 Amsterdam,52.352931,4.9035433
Spinnekop 35 Amsterdam,52.417833,4.8909724
Pierre Cuypershof 12 Amsterdam,52.3781366,4.7973655
Antoon Keldermansstraat 34 Amsterdam,52.3832597,4.7973708
C v Vollenhovenstr 178 Amsterdam,52.379819,4.8197849
Suze Groenewegplantsoen 33 Amsterdam,52.383476,4.8102788
Langswater 320 Amsterdam,52.3554504,4.7899466
Sandinostraat 51 Amsterdam,52.3544271,4.7761473
Radarweg 420 Amsterdam,52.38671,4.8350295
Osdorper Ban 81 Amsterdam,52.3624895,4.8031668
Sam van Houtenstraat 273D Amsterdam,52.379096,4.798836
Corversbosstraat 28 Amsterdam,52.3919694,4.9602444
Rooseveltlaan 126 Amsterdam,52.3441119,4.8986499
Eemsstraat 48H Amsterdam,52.3417176,4.9087716
Sanderijnstraat 3-1 Amsterdam,52.3765576,4.8508869
Van Oldenbarneveldtstraat 35-2 Amsterdam,52.3762702,4.8752835
Haringvlietstraat 13-2 Amsterdam,52.3467501,4.8868657
Rooseveltlaan 103-3 Amsterdam,52.3437837,4.8997544
Prinsengracht 126HA Amsterdam,52.3761012,4.8839629
Buskenblaserstraat 42-3 Amsterdam,52.3773997,4.8482924
Linnaeusparkweg 105-1 Amsterdam,52.3531571,4.9357589
Hogevecht 186B Amsterdam,52.3097328,4.9586802
Zeilvaart 20 Arnhem,51.9571929,5.8435674
Claus Van Amsbergstraat 45 Amsterdam,52.3178215,4.9561668
Reigersbos 79 Amsterdam,52.2964211,4.9762374
Clara Zetkinstraat 58 Amsterdam,52.3217431,4.9619517
Madurastraat 62 1 Amsterdam,52.3642238,4.9341341
Cornelis Trooststraat 4 2 Amsterdam,52.3502983,4.8870273
Eerste Jan Steenstraat 125 1 Amsterdam,52.3544127,4.8923569
Willem de Zwijgerlaan 334 F 11 Amsterdam,52.3809753,4.861092
Rustenburgerstraat 156 Amsterdam,52.3527074,4.8994212
Lutmastraat 191 A Amsterdam,52.3518534,4.9037605
Robert Scottstraat 16 2 Amsterdam,52.3730068,4.8468184
Turnerstraat 28 1 Amsterdam,52.3464215,4.860849
Lepelkruisstraat 11 1 Amsterdam,52.3630273,4.9087331
Rinus Michelslaan 227 Amsterdam,52.3733066,4.8385488
H. Diesveldsingel 25 Amsterdam,52.3511236,4.7892557
Bertram 213 Uithoorn,52.2517923,4.8201659
Smaragdhof 28 Almere,52.3918909,5.3017089
Postjesweg 323 Amsterdam,52.363714,4.8371532
Tijl Uilenspiegelstraat 5-2 Amsterdam,52.3784565,4.8514369
Bonairestraat 38-1 Amsterdam,52.3605185,4.8557638
Prinsengracht 373-B Amsterdam,52.3717655,4.88325
Dijkmeerlaan 309 Amsterdam,52.3393128,4.9240605
Jan Bertsstraat 21 Diemen,52.3402999,4.9567336
Valkhof 13 Amsterdam,52.3326423,4.8708567
Cyclamenstraat 58 Aalsmeer,52.2622423,4.759417
Badhuiskade 133 Amsterdam,52.3852526,4.905759
Churchill-laan 82-2 Amsterdam,52.3470679,4.8983533
Woestduinstraat 140-2 Amsterdam,52.3500823,4.8474787
Admiraal De Ruijterweg 102 2 Amsterdam 1056 GP,52.3725067,4.8594529
Valkhof 145 Amsterdam 1082 VG,52.3310604,4.8708458
Kribbestraat 8 1 Amsterdam 1079 WR,52.3421736,4.9037632
Funenpark 195 Amsterdam 1018 AK,52.3684045,4.9321677
Rondeel 12 Amsterdam 1083 ME,52.327619,4.8814479
Assumburg 114 Amsterdam 1081 GC,52.3286124,4.8680136
Schimmelstraat 9 C Amsterdam 1053 TA,52.3686997,4.8663992
Loenermark 113 Amsterdam,52.3976638,4.9286648
Eastonstraat 230 Amsterdam,52.3564078,4.8127152
Botterstraat 256 Amsterdam,52.4071084,4.9123427
Leusdenhof 127 Amsterdam,52.3094455,4.9791523
Singel 522 C Amsterdam,52.3666946,4.8913827
Nieuwendijk 96 B Amsterdam,52.3767783,4.8963745
Lange Leidsedwarsstraat 62 B Amsterdam,52.3648804,4.8831225
Loenermark 272 Amsterdam,52.3982961,4.9294664
IJplein 270 Amsterdam,52.3825149,4.9115045
Lange Vonder 88 Amsterdam,52.4240504,4.8947986
Spinaker 113 Amsterdam,52.4098814,4.9226154
Slangenburg 14 Amsterdam,52.3304351,4.8737872
Kamp 22 2 Lelystad,52.5042124,5.4848944
Eemplein 1 Almere,52.3843727,5.2251283
Het Bakhuis 1 Biddinghuizen,52.4547836,5.7008093
Olstgracht 103 Almere,52.3684588,5.2149166
Kuipersgilde 9 Dronten,52.5364756,5.6918465
Zilversmid 6 Zeewolde,52.3457108,5.51959
Eurosingel 180 Dronten,52.5355575,5.7036428
Hondsrug 206 Dronten,52.5133905,5.7269167
Singel 190-1 Amsterdam,52.3743955,4.8888004
De Sallandse Roe 21 Dronten,52.51628,5.695648
De Morinel 77 Dronten,52.5312355,5.7313868
De Koningshof 24 Swifterbant,52.5688912,5.6470034
Lucernehof 88 Biddinghuizen,52.4514088,5.6897336
Huidenkopersgilde 2 Dronten,52.5390642,5.6896204
Goudastraat 3 Almere,52.3624078,5.2033269
Spaarndammerdijk 283 Amsterdam,52.3927458,4.8714055
Spaarndammerdijk 272 Amsterdam,52.3927827,4.8716255
Buster Keatonstraat 93 Almere,52.3759122,5.2294533
Beneluxlaan 724 Almere,52.3477606,5.144666
Sumatraweg 310 Almere,52.4011521,5.2974955
Leksmondhof 127 Amsterdam,52.3103302,4.9829273
Nat King Colestraat 12 Almere,52.3687354,5.1831054
De Koets 19 Biddinghuizen,52.4565664,5.7029699
Bos en Lommerplein 145 Amsterdam,52.3775493,4.8457784
Schans 169 Dronten,52.5251935,5.7168116
Radarweg 310 Amsterdam,52.3866824,4.8351497
San Marinostraat 43 Almere,52.3453953,5.1512212
Marktgracht 112 Almere,52.3360826,5.218311
San Marinostraat 59 Almere,52.3453762,5.1512197
San Marinostraat 63 Almere,52.3453561,5.1509378
Dukaat 10 Dronten,52.5329095,5.704769
Werpanker 21 Almere,52.3945478,5.1785506
Wijnverlater 29 Dronten,52.5402989,5.6801602
Groenhof 190 Almere,52.341434,5.220813
Wim Noordhoekkade 642 Amsterdam,52.3479784,5.0133774
Havenkant 24 Biddinghuizen,52.4564602,5.6885219
Richthuisstraat 22 Almere,52.4106065,5.2964947
IJburglaan 1500 Amsterdam,52.352217,5.0002178
Schoorlstraat 176 Amsterdam,52.3950929,4.9475114
Adriaan van Ostadestraat 48 Almere,52.3801204,5.2538808
Harderwijkoever 108 Almere,52.3627045,5.2109545
Zeilenmakersgilde 53 Dronten,52.539816,5.6908591
Bos en Lommerplantsoen 73-P Amsterdam,52.3757914,4.8441928
Orchideelaan 38 Lelystad,52.4904078,5.4606852
Asterstraat 6 Almere,52.3876836,5.2863597
Vorstenburg 24 Zaandam,52.436795,4.8223046
Hertspieghelweg 50-1 Amsterdam,52.381185,4.8525787
Louis Armstrongweg 60-H Almere,52.3660095,5.185582
Griend 30 11 Lelystad,52.4988277,5.4883974
Rataplanstraat 21 Almere,52.4002075,5.324745
Tjalk 41 33 Lelystad,52.5002907,5.4634643
Jupiterweg 1-A Dronten,52.5223211,5.7085826
Beneluxlaan 641 Almere,52.3476779,5.1524951
Jan van Duivenvoordestraat 10-2 Amsterdam,52.3786248,4.8033366
Woudlaar 43 Almere,52.3431941,5.1968008
Burgemeester de Kievietstraat 6-B Diemen,52.3387181,4.9626292
Vidarstraat 4 Almere,52.3536154,5.1484861
